revenue_2022,revenue_2023,decrease_ratio
1731.0,647.0,62.622761409589835
2581.0,1069.0,58.58194498256489
2446.0,1030.0,57.89043336058871
2099.0,931.0,55.64554549785612
1723.0,850.0,50.66744051073708
